{
  "generated": "2026-05-26T00:14:27.700011Z",
  "days": 180,
  "coins": {
    "BTC": {
      "n": 4320,
      "first": 1764205200006,
      "last": 1779753600040,
      "ann_mean_pct": 3.2367994991667386
    },
    "ETH": {
      "n": 4320,
      "first": 1764205200006,
      "last": 1779753600040,
      "ann_mean_pct": 4.7665499852776625
    },
    "SOL": {
      "n": 4320,
      "first": 1764205200006,
      "last": 1779753600040,
      "ann_mean_pct": -2.5351041541666093
    },
    "BNB": {
      "n": 4320,
      "first": 1764205200006,
      "last": 1779753600040,
      "ann_mean_pct": 4.693483859444384
    },
    "AVAX": {
      "n": 4320,
      "first": 1764205200006,
      "last": 1779753600040,
      "ann_mean_pct": 3.8104117816666836
    },
    "DOGE": {
      "n": 4320,
      "first": 1764205200006,
      "last": 1779753600040,
      "ann_mean_pct": 3.8135040211111324
    },
    "WIF": {
      "n": 3960,
      "first": 1764205200006,
      "last": 1779753600040,
      "ann_mean_pct": -2.068708796666557
    },
    "ARB": {
      "n": 4320,
      "first": 1764205200006,
      "last": 1779753600040,
      "ann_mean_pct": 1.6869575272223227
    },
    "OP": {
      "n": 4320,
      "first": 1764205200006,
      "last": 1779753600040,
      "ann_mean_pct": -7.670630084444628
    },
    "LINK": {
      "n": 4320,
      "first": 1764205200006,
      "last": 1779753600040,
      "ann_mean_pct": 9.089073536666122
    }
  }
}