{
  "generated": "2026-05-26T01:52:24.032756Z",
  "days": 800,
  "coins": {
    "BTC": {
      "n": 19199,
      "first": 1710640800455,
      "last": 1779757200062,
      "ann_mean_pct": 12.371132979469305
    },
    "ETH": {
      "n": 19199,
      "first": 1710640800455,
      "last": 1779757200062,
      "ann_mean_pct": 11.351044726995523
    },
    "SOL": {
      "n": 19199,
      "first": 1710640800455,
      "last": 1779757200062,
      "ann_mean_pct": 9.03966589049376
    },
    "BNB": {
      "n": 17399,
      "first": 1710640800455,
      "last": 1779757200062,
      "ann_mean_pct": 3.713200319558161
    },
    "AVAX": {
      "n": 16319,
      "first": 1710640800455,
      "last": 1779757200062,
      "ann_mean_pct": 8.683092782694352
    },
    "DOGE": {
      "n": 19199,
      "first": 1710640800455,
      "last": 1779757200062,
      "ann_mean_pct": 14.44406868137301
    },
    "WIF": {
      "n": 17759,
      "first": 1710640800455,
      "last": 1779757200062,
      "ann_mean_pct": 16.07958321620371
    },
    "ARB": {
      "n": 19199,
      "first": 1710640800455,
      "last": 1779757200062,
      "ann_mean_pct": 9.65796005018943
    },
    "OP": {
      "n": 19199,
      "first": 1710640800455,
      "last": 1779757200062,
      "ann_mean_pct": 6.418227130037328
    },
    "LINK": {
      "n": 19199,
      "first": 1710640800455,
      "last": 1779757200062,
      "ann_mean_pct": 14.242145420536886
    }
  }
}